,Generated Names
0,Vgpjlvde
1,J
2,Kxzbufnvmnkvjviqiqtvcijqmextpulbajxjkodwgqvhkgbyaysdvjrshnyjeyguezw
3,Lpjsyhhalyj
4,Xa
5,MA
6,Nrlfscbuqncrteyxjrbacgtghcpp
7,Eurdzg
8,Vqciuddhh
9,Vglbz
10,GP
11,Dlraessirenant
12,Er
13,Danasujotp
14,K
15,Di
16,Taakinsayomanhiban
17,R
18,Tphie
19,Ushasashamircridgshbeqeshan
20,Bamijabhanasamimodishu
21,Raraniyarolakhaldabun
22,Punila
23,Ekt
24,Shibtamunx
25,Ta
26,Fadakshil
27,Ujira
28,Hasha
29,Rominoshhedhirramuska
30,Aridha
31,Arodlenyi
32,Sokovi
33,Emesi
34,R
35,Ribdimsh
36,Obava
37,Shabida
38,Ajerkwni
39,Pyobiro
40,Ibi
41,Pusad
42,Ranakdendra
43,Akgi
44,Sheet
45,Richesha
46,Sageeshsa
47,Bishi
48,Pit
49,Idgushanta
50,Shpa
51,Chandrry
52,Ranvi
53,Busam
54,Sjopraprakhan
55,Tusam
56,Ratandrishina
57,Eoday
58,Sobipena
59,Ramba
60,So
61,Reshyal
62,Aesasha
63,Eel
64,Aadhaa
65,Binine
66,Oek
67,Sabuna
68,Sukarant
69,Bikubhana
70,Sumal
71,Ashem
72,Peeza
73,Bimash
74,Aranak
75,Chadhi
76,Ajtin
77,Bhana
78,Meetshin
79,Anit
80,Chhara
81,Mndhesh
82,Siray
83,Rijbul
84,Gitea
85,Bman
86,Rjish
87,Vaughadipha
88,Barish
89,Ubheche
90,Biyuta
91,Sidwo
92,Bandarkanan
93,Kitru
94,Vinipja
95,Bhilit
96,Ojkazraraksha
97,Sermamana
98,Amit
99,Sargi
100,Pubiqshamaninana
101,Hantulas
102,Avhewan
103,Pman
104,Bejan
105,Bunkra
106,Divanitr
107,Ulidna
108,Anil
109,Ana
110,Bidhendro
111,Anfandura
112,Meedritand
113,Jikrubh
114,Goshwokta
115,Shushskhita
116,Bura
117,Febhan
118,Usweedra
119,Ulur
120,Mitant
121,Aven
122,Ma
123,Ah
124,Sumbig
125,Rimeutesh
126,Shikh
127,Gyuta
128,Binot
129,Vishut
130,Beepash
131,Derij
132,Shnavarash
133,Karushar
134,Utama
135,Dechin
136,Sambara
137,Upchusha
138,Paroh
139,Umbar
140,Lori
141,Riwadi
142,Ilanpa
143,Oniv
144,Jitrar
145,Ayun
146,Sayam
147,Batili
148,Rechit
149,Aamshenj
150,Ak
151,Shojan
152,Karinda
153,Majsh
154,Matrashi
155,Jesan
156,Bajanu
157,Mevya
158,Minima
159,Disji
160,Lopeena
161,Bhanjaman
162,Swisher
163,Mvaj
164,Pkarga
165,Khava
166,Shilbhardri
167,Ishina
168,Jindlanata
169,Puskra
170,Bigesh
171,Yan
172,Lishuk
173,Adhindh
174,Kayar
175,Arawuk
176,Rugan
177,Ashita
178,Roswesh
179,Perisa
180,Rishree
181,Divmanib
182,Sodev
183,Sirsha
184,Chadabdhan
185,Birjanandhi
186,Barendh
187,Jesv
188,Paned
189,Bidesmvam
190,Wadishy
191,Jaku
192,Chalanserena
193,Jughiramal
194,Prawana
195,Risiy
196,Surats
197,Olani
198,Acjhita
199,Burap
200,Unja
201,Rajwoshya
202,Viscmran
203,Kusumarw
204,Hineja
205,Hehan
206,Puput
207,Chanjesh
208,Jopan
209,Mitenoa
210,Upassh
211,Chabish
212,Rarag
213,Aal
214,Bikpral
215,Irlaba
216,Hinimendranamad
217,Angyar
218,Shronj
219,Pili
220,Fhayant
221,Rinva
222,Aevashri
223,Bikunju
224,Rurendra
225,Iyash
226,Anitan
227,Bhanan
228,Bikprita
229,Biman
230,Bilesh
231,Micafadi
232,Bheshu
233,Sanda
234,Emita
235,Ubhira
236,Azaashrolendrana
237,Yahash
238,Chikayu
239,Bilu
240,Jummun
241,Bitur
242,Chmita
243,Jehandra
244,Ankaryan
245,Bimiemabhan
246,Mashri
247,Mhit
248,Binmin
249,Umking
250,Hirdha
251,Sogaj
252,Seplchar
253,Londi
254,Bishna
255,Ewoch
256,Sumsubheti
257,Pudarg
258,Wonisa
259,Bhilan
260,Aniktan
261,Bigaram
262,Bitesh
263,Bind
264,Beesay
265,Ayish
266,Ind
267,Ibalyanta
268,Bualri
269,Alant
270,Rojan
271,Supran
272,Anuna
273,Chikkarsh
274,Bhapa
275,Rishu
276,Beschar
277,Artoz
278,Enika
279,Besmok
280,Reebil
281,Mormo
282,Baripang
283,Dmondra
284,Kitingdha
285,Sharamani
286,Sarudeebe
287,Mibwatshi
288,Bhivik
289,Suwabin
290,Sondra
291,Bigdaperdinish
292,Prakan
293,Sul
294,Aksamta
295,Ashnim
296,Bishas
297,Orsendhaxend
298,Oobakdha
299,Bhukama
300,Yavina
301,Satbia
302,Rguna
303,Alejish
304,Sinj
305,Ipen
306,Shoran
307,Pashtra
308,Abina
309,Yalban
310,Bheth
311,Juna
312,Anikh
313,Renim
314,Syushakeky
315,Asbil
316,Rishu
317,Sotuka
318,Gdrij
319,Jayar
320,Jutur
321,Yyas
322,Alfuj
323,Bhik
324,Pulma
325,Aigu
326,Ulwar
327,Bhupa
328,Rati
329,Bhikrak
330,Rishat
331,Churesh
332,Bishripan
333,Bita
334,Bika
335,Geeshma
336,Hisma
337,Bista
338,Etira
339,Irisu
340,Nindha
341,Uskam
342,Uswal
343,Langar
344,Aulsta
345,Jeetakhkish
346,Bitey
347,Pulsan
348,Eena
349,Eeteri
350,Ishida
351,Krijechar
352,Subi
353,Jighir
354,Biswura
355,Meet
356,Riyetda
357,Aitacaish
358,Mevika
359,Ruphash
360,Iniha
361,Achnab
362,Aalban
363,Lhanu
364,Bhriti
365,New
366,Nafu
367,Uugla
368,Binkuita
369,Udhuurod
370,Urnihhesh
371,Ugyan
372,Runashwar
373,Babish
374,Uktarendra
375,Uprangsu
376,Rablakan
377,Ujerb
378,Ilinishanaa
379,Bigdang
380,Pnarmant
381,Yupaum
382,Pun
383,Pulrant
384,Veegsh
385,Inja
386,Eena
387,Oswarinat
388,Mulasha
389,Ashyamyee
390,Ubaldu
391,Baper
392,Auzabana
393,Robin
394,Poshomi
395,Ayamo
396,Aulisha
397,Jhayash
398,Oshash
399,Eend
400,Jeesm
401,Seshuta
402,Bhanjaa
403,Bhin
404,Sangan
405,Awarikssa
406,Ustit
407,Bipam
408,Utya
409,Agmish
410,Ogee
411,Uschhal
412,Rozndresh
413,Poobindam
414,Yittan
415,Akchan
416,Yasmin
417,Axen
418,Raksook
419,Bishwor
420,Prasoj
421,Juna
422,Sudshar
423,Aisuna
424,Rem
425,Enj
426,Divnop
427,Gural
428,Eeer
429,Jagasha
430,Kee
431,Shashrija
432,Shevan
433,Ayishati
434,Vambha
435,Ayish
436,Shis
437,Baman
438,Shilikajusa
439,Vebha
440,Suvita
441,Ubin
442,Ayu
443,Vinana
444,Shivu
445,Aulendra
446,Shobesh
447,Bindos
448,Budhundree
449,Rilon
450,Abich
451,Ejitan
452,Sisama
453,Biyanik
454,Bitib
455,Enina
456,Urpali
457,Meskon
458,Ubalani
459,Shil
460,Rajman
461,Achishi
462,Onik
463,Bishum
464,Banidhan
465,Juprissinikra
466,Ilurak
467,Ikshanu
468,Bikisani
469,Utram
470,Urat
471,Ailechi
472,Anasna
473,Ujweshwa
474,Dhazna
475,Ushuma
476,Rugu
477,Phusam
478,Omari
479,Ubhark
480,Ikeshwor
481,Adur
482,Dundratha
483,Ruse
484,Praneba
485,Uvit
486,Byayesh
487,Uchreela
488,Epala
489,Knatangya
490,Rusirabithan
491,Biphat
492,Purminita
493,Bithiran
494,Eshwit
495,Jenish
496,Vasesh
497,Bhuden
498,Bichendra
499,Bigsaten
500,Sotum
501,Anju
502,Sumab
503,Rashati
504,Rekak
505,Sjarig
506,Ganika
507,Ammanae
508,Tretar
509,Sovesh
510,Gomit
511,Bhashin
512,Ajan
513,Aupu
514,Aamhop
515,Uha
516,Jushu
517,Isham
518,Subinramaash
519,Leshan
520,Vindrakang
521,Rebekshes
522,Pushni
523,Divishga
524,Devik
525,Binad
526,Sabh
527,Mola
528,Bitika
529,Eswar
530,Subish
531,Eshundu
532,Jhanitan
533,Ureki
534,Sugyare
535,Dhuvetan
536,Rajam
537,Bishra
538,Bipish
539,Suchan
540,Agrukashan
541,Rikeshwar
542,Pranitaraj
543,Yeekashworla
544,Urti
545,Yunan
546,Igan
547,Iksha
548,Gyabliya
549,Uvincowari
550,Pun
551,Jitharshharbama
552,Ishti
553,Kegit
554,Samreyogi
555,Aipan
556,Gubesh
557,Bikarshya
558,Onchath
559,Drishut
560,Bina
561,Balchrishbi
562,Eeraavir
563,Makartu
564,Rantib
565,Begwa
566,Engti
567,Uremna
568,Uprsur
569,Rimpalbi
570,Utunam
571,Eelen
572,Arikhawal
573,Ireshwah
574,Asundra
575,Eeesh
576,Rhusta
577,Javarkal
578,Binjant
579,Eecsha
580,Sumasha
581,Aleshma
582,Sunushri
583,Ulju
584,Chhrij
585,Prajaj
586,Beshma
587,Anujensan
588,Unga
589,Pranash
590,Bannadha
591,Umsha
592,Amon
593,Oxnsha
594,Chshaganyashan
595,Bharshan
596,Udao
597,Sumroma
598,Urvita
599,Susiri
600,Aurath
601,Inju
602,Shivak
603,Rubnki
604,Ithamat
605,Rojal
606,Gsheswa
607,Ugoni
608,Suiva
609,Shina
610,Rizad
611,Rayan
612,Shatit
613,Bitnu
614,Ejan
615,Ohedhik
616,Marvina
617,Eesujay
618,Paw
619,Dagbe
620,Ugya
621,Pumal
622,Binteb
623,Bah
624,Jubala
625,Huyelva
626,Uashal
627,Eenu
628,Mudim
629,Alashanji
630,Ruti
631,Anurshira
632,Matri
633,Undha
634,Ugona
635,Bisushi
636,Ushakarandra
637,Unchishya
638,Rajjan
639,Nimur
640,Aubalek
641,Ubekesh
642,Urendr
643,Bhabyanda
644,Rogla
645,Bigked
646,Geosh
647,Jeshemi
648,Utmath
649,Bili
650,Bhawendra
651,Eliva
652,Ayulam
653,Bippayav
654,Vevlshagjiti
655,Veerind
656,Eerdel
657,Ahhim
658,Sutith
659,Renil
660,Aushinm
661,Seshawa
662,Huryon
663,Reecni
664,Jeeb
665,Jisthanu
666,Bhrijdep
667,Bhubrandrika
668,Swikshothas
669,Minav
670,Bushumar
671,Jeana
672,Rusnit
673,U
674,Ushwar
675,Uroz
676,Ramandea
677,Bulusha
678,Iman
679,Jishor
680,Asat
681,Daiteo
682,Bishma
683,Etna
684,Alesh
685,Ukral
686,Tani
687,Sujou
688,Shaminan
689,Beela
690,Aghitr
691,Zeeraja
692,Chhit
693,Pesh
694,Siyang
695,Eemu
696,Untshal
697,Nilesh
698,Bipas
699,Regang
700,Onsinay
701,Pabbiv
702,Schita
703,Ishida
704,Agileya
705,Anyanwan
706,Heehked
707,Jupita
708,Ragiuk
709,Ongas
710,Rupadejan
711,Ripasani
712,Bararanjee
713,Ukja
714,Sand
715,Binas
716,Shanisa
717,Rencha
718,Sapin
719,Eeta
720,Ateshmana
721,Rumsan
722,Kumray
723,Bisham
724,Bhabinan
725,Shrika
726,Ujyat
727,Manilta
728,Uamrsheswara
729,Unjad
730,Endrab
731,Rchbi
732,Rushekhna
733,Sujijenish
734,Silash
735,Anin
736,Viway
737,Romina
738,Bindesh
739,Sumi
740,Ranika
741,Aarajang
742,Usura
743,Jewano
744,Aasiy
745,Aashchar
746,Pangitada
747,Junshanw
748,Umyal
749,Soes
750,Vartanchda
751,Anarsha
752,Almalal
753,Anshehaban
754,Viranga
755,Bprizel
756,Shimana
757,Araj
758,Pratendrajasam
759,Jeali
760,Anrish
761,Enaswer
762,An
763,Runal
764,Rvajina
765,Eetalt
766,Bikina
767,Aili
768,Myat
769,Rani
770,Brijesh
771,Rima
772,Darukoya
773,Man
774,Biswajudap
775,Bipeasheh
776,Aasheleek
777,Sokayan
778,Ukhdeeshlaa
779,Mudash
780,Jupesh
781,Sutparh
782,Mahis
783,Iridis
784,Ranjew
785,Junda
786,Raghishar
787,Aasmalth
788,Meni
789,Keshwohhal
790,Rnatii
791,Urmesya
792,Enesba
793,Abhidyu
794,Rujansa
795,Jilea
796,Ushriban
797,Cefwal
798,Cadarman
799,Ashan
800,Dishit
801,Bikritti
802,Gurjal
803,Biju
804,Uramanti
805,Awhitendit
806,Achan
807,Aapantaav
808,Srgeen
809,Rishit
810,Roolesh
811,Ahadap
812,Sumana
813,Aural
814,Slisu
815,Heepati
816,Uhi
817,Jukeya
818,Aabhad
819,Smanash
820,Huragee
821,Ghala
822,Virina
823,Eulad
824,Auramayakinda
825,Aroj
826,Vishyarshuk
827,Sanshal
828,Minikriyaji
829,Ranjira
830,Lusudantrit
831,Biugab
832,Britu
833,Kndhisharans
834,Ukhim
835,Sojba
836,Rujxat
837,Urghas
838,Imya
839,Bhamana
840,Vaharisan
841,Rie
842,Charab
843,Yukansatina
844,Surit
845,Biragai
846,Birait
847,Prina
848,Dibam
849,Urmana
850,Nivend
851,Ushoum
852,Jedikshh
853,Anufar
854,Nismith
855,Melkaritha
856,Uepin
857,Utgari
858,Bidhelita
859,Sadheenc
860,Biroshana
861,Aepni
862,Aibika
863,Umrima
864,Sagin
865,Biazyoniura
866,Vishirda
867,Ramikla
868,Mangisha
869,Baka
870,Uransha
871,Arin
872,Ugad
873,Yugar
874,Umichna
875,Nipru
876,Rajisan
877,Hardesman
878,Cyekchan
879,Bhupama
880,Mir
881,Beshya
882,Preeya
883,Ruptish
884,Rastsh
885,Ratjani
886,Rashri
887,Een
888,Anaraoj
889,Aisaksha
890,Ayeek
891,Jeeran
892,Epishava
893,Udhen
894,Uudhekh
895,Sheshna
896,Yuchet
897,Kheukawankaryaram
898,Jangich
899,Orakra
900,Rubhush
901,Urit
902,Bergunshagh
903,Ohatu
904,Jeva
905,Udyal
906,Jiti
907,Obham
908,Ampu
909,Byad
910,Beekh
911,Kusoma
912,Masescharari
913,Mesh
914,Bud
915,Raswison
916,Mukakaniteet
917,Nibul
918,Maaras
919,Usilaram
920,Bhitika
921,Biswas
922,Rikanta
923,Suvek
924,Joona
925,Bharunani
926,Birtika
927,Susankal
928,Seswa
929,Smeep
930,Suchil
931,Rehpama
932,Yaghori
933,Fajil
934,Dheshor
935,Mankaderi
936,Sudyab
937,Ashindra
938,Jeep
939,Ukhmesh
940,Samba
941,Pambdrhyith
942,Ratij
943,Urkub
944,Bapraj
945,Hesanta
946,Hamanjamani
947,Jonesh
948,Bimbaki
949,Pubbaz
950,Aunudha
951,Ayodhu
952,Ahanku
953,Aalpag
954,Achhuma
955,Uzen
956,Aushika
957,Uhenal
958,Bipaswar
959,Ashayu
960,Bishurti
961,Babit
962,Eewina
963,Pulbar
964,Migeena
965,Rumini
966,Jaidradhan
967,Akanalojha
968,Bipashrihan
969,Oovipsha
970,Aovibi
971,Oapin
972,Peshthur
973,Jages
974,Urjan
975,Ahish
976,Jupisan
977,Nabish
978,Ayantol
979,Aakar
980,Vanar
981,Banush
982,Rasana
983,Arubu
984,Rupan
985,Iben
986,Matit
987,Ganansha
988,Ashan
989,Anoj
990,Eec
991,Aalunsha
992,Mukenca
993,Vanup
994,Ohanendra
995,Khalma
996,Baniz
997,Uriti
998,Urajtaijan
999,Ritel
1000,Sarishya
1001,Satoos
1002,Manin
1003,Jabtya
1004,Bhutnak
1005,Baroj
1006,Bhuwaranat
1007,Unjaya
1008,Swarmmanda
1009,Rachhshalaman
1010,Paksha
1011,Uhma
1012,Sanjila
1013,Urajant
1014,Uadswal
1015,Eeghna
1016,Julin
1017,Ooshadhari
1018,Aanit
1019,Arasunda
1020,Deveb
1021,Ramsingan
1022,Jama
1023,Arah
1024,Sirbin
1025,Syok
1026,Mordip
1027,Ropandhana
1028,Birbini
1029,Buroya
1030,Shajenddra
1031,Bishma
1032,Rayaj
1033,Muban
1034,Ejena
1035,Bitush
1036,Uman
1037,Sasha
1038,Abitrai
1039,Juban
1040,Unjay
1041,Ahitami
1042,Eshar
1043,Rusun
1044,Rajom
1045,Eela
1046,Eenab
1047,Mavis
1048,Remanand
1049,Sabindra
1050,Susina
1051,Sukesh
1052,Ukina
1053,Ahopan
1054,Biddya
1055,Amush
1056,Aushstha
1057,Arbhis
1058,Usmi
1059,Aruyas
1060,Ujaj
1061,Ushid
1062,Bhashu
1063,Pikhaman
1064,Pursa
1065,Usik
1066,Jupra
1067,Jewendr
1068,Chinshribya
1069,Rienda
1070,Saiba
1071,Galrat
1072,Ushkai
1073,Yutaun
1074,Udhamal
1075,Bayanin
1076,Rasam
1077,Jutenh
1078,Gubula
1079,Uhani
1080,Charsadha
1081,Divina
1082,Yamroher
1083,Aereena
1084,Ehisan
1085,Adikarim
1086,Umeahlajna
1087,Achchyudha
1088,Urinev
1089,Byushkuth
1090,Bidhik
1091,Gyascha
1092,Usvina
1093,Chhitha
1094,Uelak
1095,Mina
1096,Anupam
1097,Uelan
1098,Biena
1099,Buthan
1100,Rumana
1101,Divanali
1102,Uron
1103,Barita
1104,Uites
1105,Iniya
1106,Romiti
1107,Eeta
1108,Urita
1109,Binee
1110,Juhmap
1111,Rachan
1112,Cutar
1113,Eny
1114,Ausha
1115,Bimos
1116,Radeem
1117,Urota
1118,Maheshwar
1119,Rohjijwar
1120,Divibja
1121,Mish
1122,Kponushadh
1123,Birita
1124,Aarona
1125,Krithjud
1126,Bekrav
1127,Sunau
1128,Uyahma
1129,Ushibherama
1130,Mooshmantha
1131,Suhant
1132,Bibharpan
1133,Ishw
1134,Chand
1135,Urak
1136,Murah
1137,Obirina
1138,Irla
1139,Ujundra
1140,Uukesh
1141,Uryahma
1142,Rachh
1143,Putraanair
1144,Sripanti
1145,Ravikika
1146,Uren
1147,Asarina
1148,Minam
1149,Shirku
1150,Itansha
1151,Ritan
1152,Mokta
1153,Kpila
1154,Rahanra
1155,Hiraj
1156,Suvan
1157,Uev
1158,Anjona
1159,Royanji
1160,Ohan
1161,Umesh
1162,Valisha
1163,Opira
1164,Hetu
1165,Destilaz
1166,Udhartita
1167,Rizan
1168,Uram
1169,Urnita
1170,Chit
1171,Gogmat
1172,Rabhan
1173,Oovar
1174,Aurtsa
1175,Padik
1176,Krishak
1177,Uka
1178,Aripsa
1179,Sumkit
1180,Briwarag
1181,Uabhu
1182,Eizena
1183,Rajin
1184,Auman
1185,Prasha
1186,Anam
1187,Eshuthab
1188,Revishi
1189,Sa
1190,Ineshwari
1191,Hegti
1192,Umar
1193,Sarupanjayalka
1194,Malsuchhu
1195,Uusz
1196,Maharush
1197,Jhala
1198,Sarwarint
1199,Runu
1200,Bhagan
1201,Aunend
1202,Sarosbi
1203,Arjana
1204,Mita
1205,Binina
1206,Ghamot
1207,Uteva
1208,Ita
1209,Sukandray
1210,Ahbipal
1211,Rmandiv
1212,Manta
1213,Shitkar
1214,Ufan
1215,Ayunjan
1216,Raksha
1217,Ojat
1218,Bindhh
1219,Jatil
1220,Arigrabha
1221,Dayosu
1222,Swooc
1223,Urisha
1224,Bhavansh
1225,Ishan
1226,Virikatito
1227,Jagedhrik
1228,Rupaphant
1229,Urikshan
1230,Ainsam
1231,Ramabhikanana
1232,Kulisha
1233,Riseska
1234,Eohsnira
1235,Mushil
1236,Aailev
1237,Eem
1238,Antehyal
1239,Ishirali
1240,Bbinjeyi
1241,Uhina
1242,Birini
1243,Prepesth
1244,Chirubi
1245,Aajreni
1246,Shigon
1247,Puna
1248,Baureet
1249,Bilep
1250,Aasendri
1251,Mahaaba
1252,Uelk
1253,Inira
1254,Manundi
1255,Naneerath
1256,Ranuka
1257,Ramhand
1258,Arajad
1259,Ageep
1260,Adomamna
1261,Rujen
1262,Shtrava
1263,Iriya
1264,Didesh
1265,Ashewat
1266,Uhajichha
1267,Nanung
1268,Ahena
1269,Riti
1270,Rishisha
1271,Uhot
1272,Ish
1273,Jiltodhart
1274,Sungornahar
1275,Jeet
1276,Jiy
1277,Uhar
1278,Pri
1279,Enil
1280,Jigjibh
1281,Raveka
1282,Banoj
1283,Diveta
1284,Kshikratriny
1285,Aalish
1286,Aarojan
1287,Uddireku
1288,Usush
1289,Uheki
1290,Ganet
1291,Uaypir
1292,Urispla
1293,Ranunal
1294,Aarana
1295,Ivesw
1296,Rakman
1297,Usyav
1298,Manij
1299,Ayantorsaakihar
1300,I
1301,Jeyanish
1302,Urishma
1303,Ibinshak
1304,Dishrita
1305,Urish
1306,Bayanis
1307,Jaoju
1308,Ragita
1309,Ujoti
1310,Bhiv
1311,Igay
1312,Asechh
1313,Rikal
1314,Bipan
1315,Ohrat
1316,Ruppyashri
1317,Usadha
1318,Rupasip
1319,Ranita
1320,Fanjika
1321,Amyaash
1322,Uujupal
1323,Eebendra
1324,Rahal
1325,Urim
1326,Rum
1327,Urshan
1328,Bantik
1329,Crishna
1330,Ugantha
1331,Sumeshemsa
1332,Srkrami
1333,Mangah
1334,Nmitam
1335,Mahlena
1336,Miheshwa
1337,Brisman
1338,Bavsutaragan
1339,Prishmaha
1340,Ikratitha
1341,Bimiti
1342,Nimimba
1343,Uraswal
1344,Saimal
1345,Uraswon
1346,Ahikes
1347,Urmija
1348,Biricesha
1349,Imlan
1350,Andushanaala
1351,Aeroj
1352,Vanfumjan
1353,Radad
1354,Aijanaau
1355,Ramu
1356,Sathanu
1357,Rupasanan
1358,Basekh
1359,Munat
1360,Udawalir
1361,Binasu
1362,Ailikyum
1363,Bidush
1364,Aaushwanam
1365,Bishbu
1366,Niyem
1367,Jauzat
1368,Alem
1369,Ravendra
1370,Bibhan
1371,Rini
1372,Somen
1373,Diyaks
1374,Ouhalan
1375,Gakala
1376,Jhishkri
1377,Amri
1378,Manish
1379,Uub
1380,Ramaj
1381,Arbha
1382,Bipesh
1383,Afhisha
1384,Yasil
1385,Subranka
1386,Urapprat
1387,Punw
1388,Uebin
1389,Imnya
1390,Urillesh
1391,Eelsok
1392,Amam
1393,Auchash
1394,Uharth
1395,Dima
1396,Abhesab
1397,Uraju
1398,Aanchan
1399,Roneena
1400,Rjeamaj
1401,Rakrita
1402,Uryoj
1403,Ram
1404,Charbal
1405,Umbal
1406,Juwantand
1407,Suwar
1408,Reni
1409,Rajhal
1410,Bikshyy
1411,Sushmail
1412,Uooman
1413,Aabikar
1414,Pbendraya
1415,Aayan
1416,Bhadil
1417,Ayusuki
1418,Sin
1419,Tovshyu
1420,Uupar
1421,Mogees
1422,Yuteera
1423,Mayajarindra
1424,Samshbha
1425,Uuden
1426,Ika
1427,Reshab
1428,Yupan
1429,Ugila
1430,Priuja
1431,Bicitri
1432,Fiema
1433,Gena
1434,Uhomar
1435,Auraj
1436,Eepasa
1437,Ripash
1438,Manji
1439,Jekkar
1440,Shujanara
1441,Praukabin
1442,Joras
1443,Urila
1444,Rana
1445,Rashish
1446,Benam
1447,Shurampra
1448,Skronandrav
1449,Uamun
1450,Aanpdhan
1451,Awat
1452,Uncrshan
1453,Vipsan
1454,Aayan
1455,Aanidhan
1456,Sokhor
1457,Shawunt
1458,Izen
1459,Eerob
1460,Iglendra
1461,Ufeel
1462,Ramej
1463,Kriyakee
1464,Dheefun
1465,Amotra
1466,Deshovasikana
1467,Uhina
1468,Prashaz
1469,Shijan
1470,Udchanjan
1471,Bhuda
1472,Sanjeeti
1473,Gagashra
1474,Uhadev
1475,Eras
1476,Peshryula
1477,Ayraj
1478,Aamrnandep
1479,Ithan
1480,Krilakh
1481,Mishrita
1482,Uhiv
1483,Etanandhara
1484,Birin
1485,Uban
1486,Gunkaha
1487,Ikdan
1488,Ruchanta
1489,Aalir
1490,Ouk
1491,Ujan
1492,Outsigrid
1493,Aaakshy
1494,Chudesh
1495,Pattila
1496,Uhek
1497,Shkrita
1498,Alos
1499,Hivinendra
1500,Utiv
1501,Aorojamchhri
1502,Hreejk
1503,Hepajigyin
1504,Arshi
1505,Reeeeljsh
1506,Gyanund
1507,Againa
1508,Debaj
1509,Amala
1510,Geehup
1511,Sadeev
1512,Ripon
1513,Sndey
1514,Rirtet
1515,Arpesh
1516,Rbishas
1517,Jyarna
1518,Ahkraghanana
1519,Jeechat
1520,Nilant
1521,Rangor
1522,Rgumeshwor
1523,Echhangha
1524,Munind
1525,Mailambar
1526,Gabish
1527,Prisha
1528,Uevanand
1529,Bibachhar
1530,Yavil
1531,Sudila
1532,Janrishyo
1533,Bryeida
1534,Diphami
1535,Aie
1536,Shyatiran
1537,Ramevakant
1538,Parat
1539,Mankar
1540,Hadurak
1541,Maritu
1542,Rulpi
1543,Apeepjat
1544,Mist
1545,Jagoshshg
1546,Aspen
1547,Ramchanka
1548,Bivel
1549,Shameemo
1550,Canja
1551,Semidra
1552,Binan
1553,Uram
1554,Ushik
1555,Maresh
1556,Sonsan
1557,Ushemh
1558,Girlik
1559,Shttim
1560,Bramen
1561,Taimeshwral
1562,Lonal
1563,Yujau
1564,Ayojan
1565,Sukaram
1566,Usbichhendy
1567,Gubaum
1568,Boip
1569,Uhboran
1570,Bulkum
1571,Sunac
1572,Imw
1573,Aubash
1574,Sumala
1575,Runa
1576,Sumar
1577,Rubur
1578,Bangem
1579,Sugetant
1580,Rojeb
1581,Yasha
1582,Aawsh
1583,Ushin
1584,Umbik
1585,Aisni
1586,Una
1587,Jayeg
1588,Miichhi
1589,Ragini
1590,Eena
1591,Rshadhik
1592,Byeetra
1593,Ulvela
1594,Mesheka
1595,Uheshposh
1596,Aumja
1597,Sushan
1598,Ijesh
1599,Avit
